file_stem,relative_path
0000368b,_win/
00005011.img,_win/
00005e41,_win/
0000719c,_win/
00007c5c,_win/
0000bdd3,_win/
0000c6fa,_win/
00011816,_win/
0001435e,_win/
00014362,_win/
00014366,_win/
0001436a,_win/
00014fef,_win/
000237d1,_win/
0002a890,_win/
0002b182,_win/
0002bdfa,_win/
0002c24e,_win/
0002f937,_win/
000304be,_win/
00030da5,_win/
0003247e,_win/
0003436f,_win/
00035553,_win/
00035be9,_win/
0003966e,_win/
00040da5,_win/
00048d5b,_win/
0004e32e,_win/
00050da5,_win/
00051138,_win/
00051911,_win/
00054383,_win/
00057eda,_win/
000589dd.img,_win/
0005cada,_win/
00063160,_win/
000641cb,_win/
00064917.img,_win/
00065d4c,_win/
0006afc6,_win/
0007080a.img,_win/
00070eff,_win/
00071198,_win/
000731a5,_win/
000737d1,_win/
00075c08,_win/
00078701.img,_win/
00082a90,_win/
00082b11,_win/
00084e98,_win/
00084f11,_win/
000855ab,_win/
00085893,_win/
000896f0,_win/
0008bc87,_win/
0008c0c8,_win/
00090e7c,_win/
00094903,_win/
0009883c,_win/
000a0152,_win/
000a365b,_win/
000a4397,_win/
000a795f,_win/
000aaff5,_win/
000ab6a2,_win/
000ac0c1,_win/
000ac2c8,_win/
000adf24,_win/
000af144,_win/
000b8842,_win/
000b957a,_win/
000b957b,_win/
000b957c,_win/
000bac79.img,_win/
000baecd.img,_win/
000baff5,_win/
000bfb12,_win/
000c4fe7,_win/
000cd008,_win/
000cd008_13565e4a4f19bb786921d49144460da5,_win/
000ceb01,_win/
000cefa2,_win/
000d0167,_win/
000d1404,_win/
000d482b,_win/
000d6f06,_win/
000d9828,_win/
000dbebc,_win/
000dd02c,_win/
000e1f3a,_win/
000e72af,_win/
000e72b3,_win/
000eab46,_win/
000ecbfd.img,_win/
000efe46,_win/
000f72af,_win/
000f72b3,_win/
0010363e,_win/
00104da1.img,_win/
001072af,_win/
001072b3,_win/
0010b399,_win/
0010d484,_win/
0010eab5.img,_win/
0010fc7e,_win/
00113632,_win/
0011366c,_win/
00114c3b,_win/
00115e54,_win/
001172af,_win/
001172b3,_win/
0011b626,_win/
00123b67,_win/
001248b2,_win/
00125003,_win/
001260c2,_win/
001292a2,_win/
0012a3f2,_win/
0012a655,_win/
0012b626,_win/
0012c0b4,_win/
0012d046,_win/
00135a88,_win/
0013709b,_win/
0013def6.img,_win/
00141e76,_win/
001446c3,_win/
0014b46f,_win/
00154e27,_win/
00154e2b,_win/
00154e2f,_win/
0015cada,_win/
00163fb5,_win/
0016829d.img,_win/
00168752,_win/
0016ae13.img,_win/
001703cb,_win/
00171f0a,_win/
00171f0b,_win/
00171f0c,_win/
00178752,_win/
00184159,_win/
0018c06c,_win/
0018c9cf.img,_win/
0018c9d7.img,_win/
0018c9db.img,_win/
0018c9df.img,_win/
0018c9e3.img,_win/
0018c9e7.img,_win/
0018c9eb.img,_win/
0018c9ef.img,_win/
0018c9f3.img,_win/
0018ca4f.img,_win/
0018ca53.img,_win/
0018ca57.img,_win/
0018ca63.img,_win/
0018ca67.img,_win/
0018ca6b.img,_win/
0018ca6f.img,_win/
0018ca73.img,_win/
0018cacf.img,_win/
0018cad3.img,_win/
0018e2e5,_win/
0019115b,_win/
00194261,_win/
00195db5,_win/
001a1821,_win/
001a72b5,_win/
001a9cc0.img,_win/
001b1537,_win/
001b154f,_win/
001b43b4,_win/
001b4bd8,_win/
001b662b,_win/
001b72f7,_win/
001ba28f.img,_win/
001ba4d8,_win/
001bb938,_win/
001bd7be,_win/
001be510,_win/
001beddd,_win/
001bf8ec,_win/
001bf8ed,_win/
001bf8fc,_win/
001bf904,_win/
001bf90c,_win/
001bf90d,_win/
001bf914,_win/
001bf91c,_win/
001bf91d,_win/
001bf924,_win/
001bf92c,_win/
001bfa14,_win/
001bfa24,_win/
001bfa34,_win/
001bfaec,_win/
001c16c9,_win/
001c4bcb,_win/
001c4bcb_893ec4e5e61202730c82f3c3dc3306f1,_win/
001c886c,_win/
001c8f27.img,_win/
001cee1b,_win/
001d2980,_win/
001d4b0d,_win/
001d5893,_win/
001d9f6f,_win/
001dcfc8,_win/
001e4234,_win/
001e4ad2,_win/
001e7a1d,_win/
001eaab3,_win/
001f57a8,_win/
001fcbdf,_win/
001fd043,_win/
001fd043_cf6f6ffd8dfa5a03e150da0f1347fc82,_win/
001fd51a,_win/
00200126,_win/
002006f0,_win/
002043af,_win/
0020a9c7,_win/
0020c1dc,_win/
0020e365.img,_win/
0020fc38,_win/
0021435e,_win/
00214362,_win/
00214366,_win/
00215d88,_win/
0021c067,_win/
0021e658,_win/
00220e30,_win/
002224c5,_win/
00229c1c,_win/
0022c1bb,_win/
0022deda,_win/
002323d4,_win/
002343af,_win/
002362e7,_win/
00238f30,_win/
0023c110,_win/
0023d260,_win/
0023fe46,_win/
0024436b,_win/
00253762,_win/
0025962b,_win/
0025963b,_win/
0025cada,_win/
00264366,_win/
0026436e,_win/
00265ab1,_win/
00266342,_win/
002671cf,_win/
0026bb45,_win/
0026dab5,_win/
002737d0,_win/
00273b68,_win/
00274fc0,_win/
00275011,_win/
00279634,_win/
002855a1,_win/
00285de1,_win/
00285de1_f245571f9abe622359ead9324d4b106f,_win/
00289658,_win/
002943af,_win/
0029df46,_win/
002a1de5,_win/
002a4e9e,_win/
002a8862,_win/
002abcc9,_win/
002b5ada.img,_win/
002b9eec,_win/
002bb91a,_win/
002bcf9b,_win/
002bd89d,_win/
002c4dcc,_win/
002c9ee8,_win/
002cb85e.img,_win/
002cbc17,_win/
002cc4b2,_win/
002cf5d4,_win/
002cf5dc,_win/
002cf5e4,_win/
002cf5ec,_win/
002cf5f4,_win/
002cf604,_win/
002cf605,_win/
002cf60c,_win/
002cf6fc,_win/
002cf71c,_win/
002d12fd,_win/
002d265e,_win/
002d366f,_win/
002d5bb8,_win/
002d6022,_win/
002e27cc,_win/
002e3854,_win/
002e44cc,_win/
002e4920,_win/
002e72af,_win/
002e72b3,_win/
002e8302,_win/
002f1182,_win/
002f72af,_win/
002f72b3,_win/
002fd5df,_win/
002fd5df_93e6fbc8e11d669b422a93b924301636,_win/
00306be9,_win/
00306c69,_win/
00306ce9,_win/
00306d69,_win/
00306ee9,_win/
003072af,_win/
003072b3,_win/
00308be9,_win/
00308ce9,_win/
0030965f,_win/
00309be9,_win/
00309c69,_win/
00309ce9,_win/
0030abe9,_win/
0030ac69,_win/
0030ace9,_win/
0030ad69,_win/
0030ade9,_win/
0030bbe9,_win/
0030bc69,_win/
0030bc6d,_win/
0030bde9,_win/
0030be69,_win/
0030cbe9,_win/
0030cc69,_win/
0030cce9,_win/
0030cd69,_win/
0030cde9,_win/
0030ce69,_win/
0030dbe9,_win/
0030dc69,_win/
0030dce9,_win/
0030dd69,_win/
0030dde9,_win/
0030ebe9,_win/
0030fbe9,_win/
0030fc69,_win/
0030fce9,_win/
0030fd69,_win/
003157a0,_win/
00316be9,_win/
00316c69,_win/
00316ce9,_win/
00316ee9,_win/
003172af,_win/
003172b3,_win/
00318be9,_win/
00318c69,_win/
00318ce9,_win/
00318ec6,_win/
00319be9,_win/
00319c69,_win/
00319ce9,_win/
0031abe9,_win/
0031ac69,_win/
0031ace9,_win/
0031ad69,_win/
0031ade9,_win/
0031b782,_win/
0031bbe9,_win/
0031bc69,_win/
0031bc6d,_win/
0031bde9,_win/
0031be69,_win/
0031cbe9,_win/
0031cc69,_win/
0031cce9,_win/
0031cd69,_win/
0031ce69,_win/
0031dbe9,_win/
0031dc69,_win/
0031dce9,_win/
0031dd69,_win/
0031dde9,_win/
0031e51a,_win/
0031ebe9,_win/
0031fbe9,_win/
0031fc69,_win/
0031fce9,_win/
0031fd69,_win/
00322317,_win/
00326be9,_win/
00327be9,_win/
00327c69,_win/
00327ce9,_win/
00328be9,_win/
00328c69,_win/
0032bc69,_win/
0032cc69,_win/
0032cce9,_win/
0032dbe9,_win/
0032e340,_win/
0032ebe9,_win/
0032ec69,_win/
0032ece9,_win/
0032fbe9,_win/
0032fc69,_win/
00330503.img,_win/
00336be9,_win/
00336be9_8ce84330a816de3c9e9cacf4c2390ef2,_win/
00336c69,_win/
00336ce9,_win/
00336d69,_win/
00336ee9,_win/
00337be9,_win/
00337c69,_win/
00337ce9,_win/
00337d1f,_win/
00338be9,_win/
00338be9_40a9962a574ddd022d30a09335d00298,_win/
00338c69,_win/
00338c69_5a6a61d237167595d31852011eea51ed,_win/
00338ce9,_win/
00339be9,_win/
00339c69,_win/
00339ce9,_win/
0033abe9,_win/
0033ac69,_win/
0033ace9,_win/
0033ad69,_win/
0033ade9,_win/
0033bbe9,_win/
0033bc69,_win/
0033bc69_7884dfdcadec6f2a9cd1b0f042093063,_win/
0033bc6d,_win/
0033bde9,_win/
0033be69,_win/
0033cbe9,_win/
0033cc69,_win/
0033cc69_e0df82ced404d49d1cc10f61f7b78802,_win/
0033cce9,_win/
0033cce9_9b66e5847270bfba9f040cede1820951,_win/
0033cd69,_win/
0033cde9,_win/
0033ce69,_win/
0033cfc7,_win/
0033d231,_win/
0033d232,_win/
0033d233,_win/
0033d234,_win/
0033d235,_win/
0033d236,_win/
0033d237,_win/
0033d238,_win/
0033d239,_win/
0033d250,_win/
0033d251,_win/
0033d252,_win/
0033d253,_win/
0033d254,_win/
0033d255,_win/
0033d256,_win/
0033d257,_win/
0033d258,_win/
0033d259,_win/
0033d270,_win/
0033d271,_win/
0033d272,_win/
0033d273,_win/
0033d274,_win/
0033d275,_win/
0033d277,_win/
0033d279,_win/
0033d290,_win/
0033d294,_win/
0033d296,_win/
0033d297,_win/
0033d2b1,_win/
0033d2b2,_win/
0033d2b3,_win/
0033d2b4,_win/
0033d2b5,_win/
0033d2b6,_win/
0033d2b8,_win/
0033d2b9,_win/
0033d2d0,_win/
0033d2d1,_win/
0033d2d3,_win/
0033d2d4,_win/
0033d2d5,_win/
0033d2d6,_win/
0033d2d7,_win/
0033d2d8,_win/
0033d2d9,_win/
0033d2f0,_win/
0033d2f1,_win/
0033d2f3,_win/
0033d2f4,_win/
0033d2f5,_win/
0033d2f6,_win/
0033d2f7,_win/
0033d2f8,_win/
0033d2f9,_win/
0033d310,_win/
0033d311,_win/
0033d312,_win/
0033d313,_win/
0033d314,_win/
0033d315,_win/
0033d316,_win/
0033d317,_win/
0033d318,_win/
0033d330,_win/
0033d331,_win/
0033dbe9,_win/
0033dbe9_e2f15027570cf3cdb8ebc2e7446a231a,_win/
0033dc69,_win/
0033dce9,_win/
0033dd69,_win/
0033dde9,_win/
0033ebe9,_win/
0033ebe9_74455759f8c34556343a33b4c26a1fbb,_win/
0033ec69,_win/
0033ece9,_win/
0033f6ad,_win/
0033fbe9,_win/
0033fbe9_e30818ab79e34d6e32dee54983d1463f,_win/
0033fc69,_win/
0033fc69_3321c5f2479e09d0a10035b6153ced86,_win/
0033fce9,_win/
0033fd69,_win/
00346be9,_win/
00346c69,_win/
00346ce9,_win/
00346d69,_win/
00346de9,_win/
00346e69,_win/
00346ee9,_win/
00347be9,_win/
00347c69,_win/
00348890,_win/
00348be9,_win/
00348c69,_win/
00348ce9,_win/
00349be9,_win/
00349c69,_win/
00349ce9,_win/
0034abe9,_win/
0034ac69,_win/
0034ace9,_win/
0034ad69,_win/
0034ade9,_win/
0034bbe9,_win/
0034bc69,_win/
0034bc6d,_win/
0034bde9,_win/
0034be69,_win/
0034ca32,_win/
0034cbe9,_win/
0034cc69,_win/
0034cce9,_win/
0034cd69,_win/
0034cde9,_win/
0034ce69,_win/
0034dbe9,_win/
0034dc69,_win/
0034dce9,_win/
0034dd69,_win/
0034dde9,_win/
0034df8e,_win/
0034ebe9,_win/
0034fbe9,_win/
0034fc69,_win/
0034fce9,_win/
0034fd69,_win/
0035095c,_win/
00354e27,_win/
00354e2b,_win/
00354e2f,_win/
00356be9,_win/
00357be9,_win/
00357be9_1409304ce76718d9a5126ad56628869a,_win/
00357c69,_win/
00357ce9,_win/
00358be9,_win/
00358c69,_win/
0035bc69,_win/
0035cada,_win/
0035cbe9,_win/
0035cc69,_win/
0035cce9,_win/
0035dbe9,_win/
0035ded2.img,_win/
0035ebe9,_win/
0035ec69,_win/
0035ece9,_win/
0035fbe9,_win/
0035fc69,_win/
00360eea,_win/
00366be9,_win/
00367be9,_win/
00367c69,_win/
00367ce9,_win/
00368be9,_win/
00368c69,_win/
0036a317,_win/
0036bbe9,_win/
0036bc69,_win/
0036cbe9,_win/
0036cc69,_win/
0036cce9,_win/
0036dbe9,_win/
0036ebe9,_win/
0036ec69,_win/
0036ece9,_win/
0036fbe9,_win/
0036fc69,_win/
00377be9,_win/
003797aa,_win/
0037aa3e,_win/
00386be9,_win/
00387be9,_win/
003886e9,_win/
0038c9cf.img,_win/
0038c9d3.img,_win/
0038c9d7.img,_win/
0038c9db.img,_win/
0038c9df.img,_win/
0038c9e3.img,_win/
0038c9e7.img,_win/
0038c9eb.img,_win/
0038c9f3.img,_win/
0038ca53.img,_win/
0038ca57.img,_win/
0038ca63.img,_win/
0038ca67.img,_win/
0038ca6f.img,_win/
0038ca73.img,_win/
0038f2a7,_win/
0038f2a7_5def0cd149f56d9b37bda645a51e60c5,_win/
0038f811,_win/
0038ff86,_win/
00392f42,_win/
00393ebb,_win/
003987a9,_win/
0039a697,_win/
0039b4db,_win/
0039c5e8,_win/
0039c9e3.img,_win/
003a437d,_win/
003a52ae,_win/
003a7c61,_win/
003ab5aa,_win/
003aba2b,_win/
003aba31,_win/
003abe0b,_win/
003b1537,_win/
003b6d6f,_win/
003b6f66,_win/
003b9652,_win/
003ba5d1,_win/
003bcaaa,_win/
003bd3e7,_win/
003cb15f,_win/
003cba6b,_win/
003d6be9.img,_win/
003d6c69.img,_win/
003d6ce9.img,_win/
003d6d69.img,_win/
003d6de9.img,_win/
003d6e69.img,_win/
003d6ee9.img,_win/
003d7020,_win/
003d7c69.img,_win/
003d8be9.img,_win/
003d8c69.img,_win/
003d8ce9.img,_win/
003d9a2e,_win/
003d9a34,_win/
003d9be9.img,_win/
003d9c69.img,_win/
003d9ce9.img,_win/
003dabe9.img,_win/
003dac69.img,_win/
003dace9.img,_win/
003dad69.img,_win/
003dade9.img,_win/
003dbbe9.img,_win/
003dbc69.img,_win/
003dbc6d.img,_win/
003dbde9.img,_win/
003dbe69.img,_win/
003dcbe9.img,_win/
003dcc69.img,_win/
003dcce9.img,_win/
003dcd69.img,_win/
003dcde9.img,_win/
003dce69.img,_win/
003ddbe9.img,_win/
003ddc69.img,_win/
003ddce9.img,_win/
003ddd69.img,_win/
003ddde9.img,_win/
003debe9.img,_win/
003dfbe9.img,_win/
003dfc69.img,_win/
003dfce9.img,_win/
003dfd69.img,_win/
003e1f7a,_win/
003e24e2,_win/
003e43b2,_win/
003e5218,_win/
003e5e9f,_win/
003e965a,_win/
003f5002,_win/
003f6be9.img,_win/
003f6fad,_win/
003f7be9.img,_win/
003f7c69.img,_win/
003f7ce9.img,_win/
003f8be9.img,_win/
003f8c69.img,_win/
003fb5c0,_win/
003fbbe9.img,_win/
003fbc69.img,_win/
003fcbe9.img,_win/
003fcc69.img,_win/
003fcce9.img,_win/
003fdbe9.img,_win/
003febe9.img,_win/
003fec69.img,_win/
003fece9.img,_win/
003ffbe9.img,_win/
003ffc69.img,_win/
00401158,_win/
004043a9,_win/
0040482e,_win/
00406fad,_win/
00409eec,_win/
0040d89d,_win/
00412434,_win/
00413d7a,_win/
0041435e,_win/
00414361,_win/
00414362,_win/
00414365,_win/
00414366,_win/
00414369,_win/
00416be9.img,_win/
00417be9.img,_win/
0042367f,_win/
0042527a,_win/
00425555,_win/
00429728,_win/
004327cc,_win/
00438b80,_win/
0043945f,_win/
0043e5cf,_win/
0043fb54,_win/
0043fb55,_win/
0043fb56,_win/
0043fb58,_win/
00442539,_win/
0044867a,_win/
0044df5c,_win/
0044e6cb,_win/
0044f17c,_win/
004535e0,_win/
00454202,_win/
00455164,_win/
00457663,_win/
00459c02,_win/
0045cada,_win/
0045d890,_win/
0045d91e,_win/
0045e6cb,_win/
00461c15.img,_win/
00466f52,_win/
00466f56,_win/
00469a02,_win/
004733d7.img,_win/
00475e90,_win/
00476f52,_win/
00476f56,_win/
0047de97.img,_win/
00487b73,_win/
0048c0c3,_win/
0048c0f8,_win/
0048d6e3,_win/
0049437a,_win/
00496387,_win/
00496b29,_win/
00496f52,_win/
00496f56,_win/
00499957,_win/
004a230b,_win/
004a2c6b,_win/
004a2c6c,_win/
004a2c6d,_win/
004a2c6e,_win/
004a2c6f,_win/
004a2c70,_win/
004a2c71,_win/
004a2c72,_win/
004a2c73,_win/
004a2c8a,_win/
004a2c8b,_win/
004a2c8c,_win/
004a2c8d,_win/
004a5fe3,_win/
004a6f52,_win/
004a6f56,_win/
004a86e8,_win/
004aaff4,_win/
004ab5f7,_win/
004ad4bc,_win/
004b43bd,_win/
004ba845,_win/
004ba8a0,_win/
004baff4,_win/
004c3656,_win/
004c43af,_win/
004c7484,_win/
004c8a2b,_win/
004c8a31,_win/
004cec39.img,_win/
004cee8c,_win/
004ceea8,_win/
004d66f6,_win/
004d847b,_win/
004d9628,_win/
004d9c02,_win/
004dc129,_win/
004e0fb2,_win/
004e591a,_win/
004e72af,_win/
004ecb45.img,_win/
004eeb8d,_win/
004f0fb2,_win/
004f11be,_win/
004f22a5,_win/
004f72af,_win/
004faaab.img,_win/
004fd156,_win/
004fd15c,_win/
00500fb2,_win/
005072af,_win/
005079aa,_win/
00508876,_win/
0051079c,_win/
00511551,_win/
00513ee9,_win/
005172af,_win/
0051e8ce,_win/
0051e8cf,_win/
0051e8d0,_win/
0051e8d2,_win/
0051ebb8,_win/
0051ed70,_win/
0051fd77,_win/
005204ba,_win/
00523ae9,_win/
005342b9,_win/
00535c20,_win/
00536f52.img,_win/
00536f56.img,_win/
00539bcb,_win/
00539c02,_win/
0053a47f,_win/
0053bd2c,_win/
0053c115,_win/
0053c115_9f95f70cef32ef75b86013222bba08e9,_win/
0053d847,_win/
0053e470,_win/
0053fb54,_win/
0053fb55,_win/
0053fb56,_win/
0053fb57,_win/
0053fb58,_win/
00541073,_win/
00545a2d,_win/
00545a33,_win/
00547491,_win/
0054a42f,_win/
0054adda,_win/
0054f60c,_win/
00554e27,_win/
00554e2f,_win/
0055f8f0,_win/
005617ad,_win/
00569c02,_win/
00569e92,_win/
005737d5,_win/
00576dc0,_win/
00579fa7,_win/
00583c39.img,_win/
00585db8,_win/
00588888,_win/
0058c9cf.img,_win/
0058c9d7.img,_win/
0058c9db.img,_win/
0058c9df.img,_win/
0058c9e7.img,_win/
0058c9eb.img,_win/
0058c9f3.img,_win/
0058ca53.img,_win/
0058ca67.img,_win/
0058ca6f.img,_win/
0058d68f,_win/
0058db82,_win/
0059277f,_win/
00593209,_win/
00593bc6,_win/
005a7d91,_win/
005b966f,_win/
005bf83c,_win/
005bf8ec,_win/
005bf8f4,_win/
005bf8fc,_win/
005bf904,_win/
005bf90c,_win/
005bf91d,_win/
005bf924,_win/
005bfa14,_win/
005bfa34,_win/
005c43b3,_win/
005d7862,_win/
005d7993.img,_win/
005d965e,_win/
005df444,_win/
005e094b,_win/
005ed1e5.img,_win/
005ee3c5.img,_win/
005f3365,_win/
005f366f,_win/
005f73b4.img,_win/
005fcebb,_win/
005fe3c5.img,_win/
0060327e,_win/
006092c2,_win/
0060def0.img,_win/
0060e3c5.img,_win/
0061435d,_win/
0061435e,_win/
00614361,_win/
00614362,_win/
00614365,_win/
00614366,_win/
00614369,_win/
00619b5e,_win/
0061e658,_win/
00621968,_win/
00625e97,_win/
00626458,_win/
0062a258,_win/
0062ded9.img,_win/
0063051d,_win/
006377aa.img,_win/
006385b8,_win/
0063ed20,_win/
0063fb54,_win/
0063fb55,_win/
0063fb56,_win/
0063fb57,_win/
0064867c_e9984c62c496c194988723f7822d1546,_win/
00648c1f,_win/
0065305e,_win/
00658309,_win/
00659f16,_win/
0065a5e5,_win/
0065a602,_win/
0065c249,_win/
0065fadb.img,_win/
00669f16,_win/
0066a72c,_win/
0066c2b0,_win/
0066dafa,_win/
0067605a,_win/
00676681,_win/
00679f16,_win/
006801cd,_win/
00680273,_win/
00680d3b,_win/
00682404,_win/
00683e7a,_win/
00683f5f,_win/
00684366,_win/
00684cce,_win/
00684d2a,_win/
006853a6,_win/
006853ba,_win/
0068595e,_win/
00686ab8,_win/
00686b2d,_win/
00686c51,_win/
00686d5b,_win/
0068706b,_win/
00687332,_win/
0068803c,_win/
00689f16,_win/
0068f463,_win/
0069966f,_win/
0069969b,_win/
00699f16,_win/
0069adda,_win/
0069ce6a,_win/
0069d7ca,_win/
006a2db0,_win/
006a366f,_win/
006a9f16,_win/
006aaff3,_win/
006aaff4,_win/
006ac0e0,_win/
006ac347,_win/
006b1eae,_win/
006b9b8c,_win/
006b9f16,_win/
006baff3,_win/
006baff4,_win/
006c364b,_win/
006c64f0,_win/
006c8bcc,_win/
006c9f16,_win/
006caff4,_win/
006cc973,_win/
006ccf7c,_win/
006ce263,_win/
006ceb0b,_win/
006cf5d4,_win/
006cf5e4,_win/
006cf5ec,_win/
006cf5f4,_win/
006cf604,_win/
006cf60c,_win/
006cf6dc,_win/
006cfd2a,_win/
006d2ebe,_win/
006d8448,_win/
006d86e8,_win/
006d9448,_win/
006d9f16,_win/
006da448,_win/
006db448,_win/
006dc448,_win/
006dd448,_win/
006de448,_win/
006df448,_win/
006e277f,_win/
006e3849,_win/
006e3bc6,_win/
006e4cdd,_win/
006e72af,_win/
006e86e8,_win/
006f6448,_win/
006f66bf,_win/
006f6b33,_win/
006f72af,_win/
006f7448,_win/
006f8063,_win/
006f8448,_win/
006f9448,_win/
006fa448,_win/
006fb448,_win/
006fbc21,_win/
006fc448,_win/
006fd448,_win/
006fe448,_win/
006fed27,_win/
006ff448,_win/
00702777,_win/
00703c5d,_win/
007044e6,_win/
0070462c,_win/
007055ec,_win/
007072af,_win/
00713c60,_win/
00714c18,_win/
00715ecd,_win/
00716448,_win/
007169a0,_win/
007172af,_win/
00717448,_win/
00718448,_win/
00719448,_win/
0071a448,_win/
0071b448,_win/
0071c448,_win/
0071cb83,_win/
0071d448,_win/
0071d6c8,_win/
0071e448,_win/
0071f448,_win/
00726920,_win/
00736448,_win/
00737448,_win/
00738448,_win/
00739448,_win/
0073b90a,_win/
0073c448,_win/
0073fb54,_win/
0073fb55,_win/
0073fb56,_win/
00754e27,_win/
00754e2b,_win/
00754e2f,_win/
0075d04f,_win/
0075e05b,_win/
0075eac4,_win/
00764570,_win/
00769b5e,_win/
0076c0b0,_win/
0076cfa5,_win/
0076ded2.img,_win/
0076f4d8,_win/
0076f9b2,_win/
0077309b,_win/
007753ca,_win/
0078c9cf.img,_win/
0078c9df.img,_win/
0078c9e7.img,_win/
0078c9eb.img,_win/
0078c9f3.img,_win/
0078f880,_win/
0079c69e,_win/
007a861b,_win/
007b1536,_win/
007b153e,_win/
007b1542,_win/
007b1546,_win/
007b154a,_win/
007b154e,_win/
007b1552,_win/
007b1556,_win/
007b15ca,_win/
007b15d2,_win/
007b15da,_win/
007b1636,_win/
007b439a,_win/
007bcdfa,_win/
007bdf08,_win/
007becbf,_win/
007becbf_d76a24c266a9cb2e6b846847c1e131b3,_win/
007cbd57,_win/
007d3f5f,_win/
007d53a6,_win/
007d6feb,_win/
007dd821,_win/
007de57a,_win/
007e07c2,_win/
007e6d5e,_win/
007f2d9b,_win/
007f4fc0,_win/
007f59aa.img,_win/
007fdca5,_win/
007fdca5_bc59118cc4ca795763c430049771b11e,_win/
0080364d,_win/
008043ad,_win/
008126b0,_win/
0081435d,_win/
00814361,_win/
00814365,_win/
00814369,_win/
00822d1b,_win/
008287b5.img,_win/
00829893,_win/
00829969,_win/
008341ad,_win/
00836a9a,_win/
00837206,_win/
0083f924,_win/
00847978,_win/
00847ff1,_win/
00848312,_win/
0084cf43,_win/
0085a50f,_win/
0085c31b,_win/
0085c59b,_win/
0085cb2c,_win/
008601d0,_win/
0086962f,_win/
00872bbb,_win/
0087ae80,_win/
00880b64,_win/
00880b65,_win/
00880b66,_win/
00882820,_win/
00889643,_win/
008956b2,_win/
00896943,_win/
008a417d,_win/
008aac24,_win/
008b4fc1,_win/
008bcd10,_win/
008c59bd.img,_win/
008c9895,_win/
008caa88,_win/
008cae7c,_win/
008ccd9c,_win/
008d3d20,_win/
008d9657,_win/
008dab1c,_win/
008e5121.img,_win/
008e72af,_win/
008e9d03.img,_win/
008f6f6a,_win/
008f72af,_win/
008fe4a2,_win/
0090422c,_win/
00904232,_win/
009072af,_win/
0091381e,_win/
009172af,_win/
00918b6e,_win/
0091a37d,_win/
00920bfe,_win/
00920bfe_19838aaf95614e645b864c4e8898359c,_win/
009214e6,_win/
0092367d,_win/
00928c9e,_win/
0092f800,_win/
00932d1b,_win/
00938e79,_win/
0093adbb,_win/
00943b29,_win/
00944f72.img,_win/
0094530d,_win/
00945eda,_win/
0094ce84,_win/
009517e8,_win/
009517e8_05c2f6d5f4a45fc6c9ac1d1e4d84eb84,_win/
00954e27,_win/
00954e2b,_win/
00954e2f,_win/
0095e6bd,_win/
00966bce,_win/
0096a8ea,_win/
0096fe43,_win/
00971f1b,_win/
00973d39,_win/
00978e55,_win/
0098a2dd,_win/
0098c9cf.img,_win/
0098c9df.img,_win/
0098c9e3.img,_win/
0098c9e7.img,_win/
0098c9eb.img,_win/
0098d8bf,_win/
009927c1,_win/
00993439,_win/
0099388d,_win/
00993afd,_win/
00994666,_win/
00999367.img,_win/
0099d09b,_win/
009a703f,_win/
009a89e1,_win/
009ac59b,_win/
009b01d1,_win/
009b1536,_win/
009b153a,_win/
009b153e,_win/
009b1542,_win/
009b1546,_win/
009b154e,_win/
009b154e_c5eb704073d34e07aa3839fc0d1db265,_win/
009b1552,_win/
009b15ca,_win/
009b15da,_win/
009b1eaf,_win/
009b2164.img,_win/
009b787e,_win/
009b7f32,_win/
009b98f4,_win/
009bc7ce,_win/
009bcb56,_win/
009bcfc6,_win/
009bd5c6,_win/
009be091,_win/
009bf8ec,_win/
009bf8ed,_win/
009bf8fc,_win/
009bf904,_win/
009bf90c,_win/
009bf91c,_win/
009bf924,_win/
009bf9f4,_win/
009cd168,_win/
009cf889,_win/
009d3823,_win/
009d8ea8,_win/
009db5b5,_win/
009df0eb,_win/
009e48dc,_win/
009e9674,_win/
009eb5b5,_win/
009efda8,_win/
009f15eb,_win/
009f7fc0,_win/
009f9588,_win/
009f9589,_win/
009f958a,_win/
009fc1bb,_win/
009fff0c,_win/
00a0009b,_win/
00a07821,_win/
00a1435d,_win/
00a14361,_win/
00a14365,_win/
00a14369,_win/
00a148dc,_win/
00a14a2b,_win/
00a1aa88,_win/
00a1adce,_win/
00a1ae7c,_win/
00a1e658,_win/
00a2437a,_win/
00a243d4,_win/
00a248dc,_win/
00a26458,_win/
00a28358,_win/
00a2a258,_win/
00a2aa3e.img,_win/
00a2be98,_win/
00a2c2b6,_win/
00a3363b,_win/
00a3966f,_win/
00a3a885.img,_win/
00a3be99,_win/
00a434c6,_win/
00a4aedb.img,_win/
00a54397,_win/
00a56fe2,_win/
00a5c857,_win/
00a5ced2,_win/
00a648dc,_win/
00a66528,_win/
00a6966f,_win/
00a6d9ed,_win/
00a7962b,_win/
00a7cdba,_win/
00a7e822,_win/
00a7ed04,_win/
00a81154,_win/
00a8ea0c,_win/
00a92894,_win/
00a94f5e,_win/
00a94f5e_f6cff5cddca8988f1ba264b290df94fe,_win/
00a9962e,_win/
00aa451e,_win/
00aa48dc,_win/
00aaaff3,_win/
00aafcd1,_win/
00ab26db,_win/
00ab4483,_win/
00ab7f02,_win/
00ac2806,_win/
00ac298f,_win/
00ac362b,_win/
00ac363f,_win/
00ac48dc,_win/
00ac8348,_win/
00ac966f,_win/
00accd51,_win/
00accd52,_win/
00accd53,_win/
00accd54,_win/
00accd55,_win/
00accd56,_win/
00accd57,_win/
00accd58,_win/
00accd59,_win/
00accd70,_win/
00accd71,_win/
00accd72,_win/
00accd73,_win/
00accd74,_win/
00accd75,_win/
00accd76,_win/
00accd77,_win/
00acdea9.img,_win/
00ace892,_win/
00acf5d4,_win/
00acf604,_win/
00ad439e,_win/
00ad48dc,_win/
00adf648,_win/
00ae2938,_win/
00ae4f05,_win/
00ae72af,_win/
00ae72b2,_win/
00af0632,_win/
00af1552,_win/
00af48dc,_win/
00af72af,_win/
00af72b2,_win/
00afa380,_win/
00afe4b4,_win/
00b072af,_win/
00b072b2,_win/
00b0c1e3,_win/
00b148dc,_win/
00b14bb4,_win/
00b172af,_win/
00b172b2,_win/
00b189a7,_win/
00b1c671,_win/
00b1c854,_win/
00b1e5e1,_win/
00b22233,_win/
00b24dfd,_win/
00b26c2e,_win/
00b2cd6e,_win/
00b339a4,_win/
00b3768c,_win/
00b38bf0,_win/
00b39ba8,_win/
00b42f82,_win/
00b4c4c3,_win/
00b548dc,_win/
00b54e27,_win/
00b54e2a,_win/
00b54e2b,_win/
00b54e2f,_win/
00b54e32,_win/
00b584ee,_win/
00b59496,_win/
00b5ce32,_win/
00b5f981,_win/
00b6209a,_win/
00b63474,_win/
00b6462a,_win/
00b64f59,_win/
00b6bd8f,_win/
00b6e4a9,_win/
00b72ecd_d1749c8ccf566f0fb26619f642d10fef,_win/
00b74807.img,_win/
00b76895,_win/
00b784ee,_win/
00b7a65b,_win/
00b7cbc5,_win/
00b807fa,_win/
00b84391,_win/
00b8c9cf.img,_win/
00b8c9e3.img,_win/
00b8c9e7.img,_win/
00b90aa0,_win/
00b98b8c,_win/
00b9ed1b,_win/
00ba094a,_win/
00ba6db6,_win/
00ba7d6e,_win/
00bac637,_win/
00bafb6e,_win/
00bb1536,_win/
00bb153e,_win/
00bb1542,_win/
00bb1546,_win/
00bb154e,_win/
00bb1552,_win/
00bb15ba,_win/
00bb35b1,_win/
00bb4121,_win/
00bb4124,_win/
00bba783,_win/
00bbb0ad.img,_win/
00bcb491,_win/
00bcf5a9,_win/
00bd49ca.img,_win/
00bd89a1.img,_win/
00bd8f40,_win/
00bd963d,_win/
00bde245,_win/
00bea9d9,_win/
00beb3a8,_win/
00bf14b2,_win/
00bf308b,_win/
00bf3677,_win/
00bfa547,_win/
00bfa83f.img,_win/
00c06d6f,_win/
00c0a83f.img,_win/
00c0be86.img,_win/
00c0f873,_win/
00c0fece,_win/
00c1435d,_win/
00c14361,_win/
00c14365,_win/
00c14369,_win/
00c19672,_win/
00c1a83f.img,_win/
00c1e104,_win/
00c23269,_win/
00c265ba,_win/
00c2986e,_win/
00c29ded,_win/
00c29e1d,_win/
00c29e25,_win/
00c29e29,_win/
00c2a83f.img,_win/
00c310e8,_win/
00c36f59,_win/
00c37d79,_win/
00c39669,_win/
00c444ad,_win/
00c4a381,_win/
00c507d7,_win/
00c5cad9,_win/
00c60152,_win/
00c615d8,_win/
00c652a8,_win/
00c67c23,_win/
00c7f919,_win/
00c8c0af,_win/
00c8d783,_win/
00c90485,_win/
00c92bba,_win/
00c93657,_win/
00c99d29,_win/
00c99d2d,_win/
00c99d31,_win/
00c99d35,_win/
00c99d39,_win/
00c99d3d,_win/
00c99d41,_win/
00c99d4d,_win/
00c99ded,_win/
00c99df5,_win/
00c99dfd,_win/
00c99e05,_win/
00c99e0d,_win/
00c99e15,_win/
00c99e19,_win/
00c99e21,_win/
00c99e29,_win/
00c99e31,_win/
00c99e35,_win/
00c99e39,_win/
00c99e3d,_win/
00c99e45,_win/
00c9ba49,_win/
00c9d26e,_win/
00ca156d,_win/
00ca156e,_win/
00ca156f,_win/
00ca1ad1.img,_win/
00ca4367,_win/
00ca8477,_win/
00ca8d22,_win/
00caaff4,_win/
00cabedc,_win/
00cb257c,_win/
00cb794b,_win/
00cb96f1,_win/
00cbaff4,_win/
00cbedf8,_win/
00cbee11,_win/
00cbee11_27d296ce65414177044e0f3611c12911,_win/
00cbee11_58c763b0683aea3090309f6381b73880,_win/
00cc6191,_win/
00cc963a,_win/
00ccc2b8,_win/
00cd347f,_win/
00cd4028,_win/
00ce2c52,_win/
00ce72ae,_win/
00ce72af,_win/
00ce72b2,_win/
00ce967d,_win/
00cec3dc,_win/
00cf72ae,_win/
00cf72af,_win/
00cf72b2,_win/
00cf966f,_win/
00cfd6ea,_win/
00d05eb9,_win/
00d072ae,_win/
00d072af,_win/
00d072b2,_win/
00d0c0bb,_win/
00d13ca9,_win/
00d172ae,_win/
00d172af,_win/
00d172b2,_win/
00d23e6d,_win/
00d2be51,_win/
00d2ded2.img,_win/
00d2e245,_win/
00d31745.img,_win/
00d46476,_win/
00d476d8.img,_win/
00d54e27,_win/
00d54e2b,_win/
00d54e2e,_win/
00d54e2f,_win/
00d54e32,_win/
00d5cad9,_win/
00d5cd7d.img,_win/
00d5def0.img,_win/
00d6e19b,_win/
00d6eac6.img,_win/
00d7c479,_win/
00d7d364,_win/
00d7e6cc,_win/
00d81b4d,_win/
00d843ae,_win/
00d89049.img,_win/
00d8a8b0,_win/
00d8c9cf.img,_win/
00d93721,_win/
00da2773,_win/
00da3e27.img,_win/
00da439d,_win/
00da570c,_win/
00da955e,_win/
00da955f,_win/
00da9560,_win/
00da9561,_win/
00daf0be,_win/
00db1536,_win/
00db1546,_win/
00db154e,_win/
00db463c,_win/
00dbc0b4,_win/
00dbf8ec,_win/
00dbf91c,_win/
00ddb5f6,_win/
00ddd547,_win/
00de666c,_win/
00dea8b0,_win/
00dedb21,_win/
00df214a,_win/
00df3647,_win/
00df6a31,_win/
00df7f97.img,_win/
00df8108,_win/
00df8109,_win/
00df810a,_win/
00df9673,_win/
00dfeefb,_win/
00dffedd,_win/
00e0f3fa,_win/
00e11a3e,_win/
00e1435d,_win/
00e14361,_win/
00e14365,_win/
00e14369,_win/
00e1eda4,_win/
00e26458,_win/
00e338a3.img,_win/
00e357db,_win/
00e3e4ba.img,_win/
00e48ebe,_win/
00e4ae3a,_win/
00e4c0f5,_win/
00e4d7bf,_win/
00e50c4c,_win/
00e5cad9,_win/
00e643ae,_win/
00e6766a,_win/
00e69824.img,_win/
00e6b834,_win/
00e6c056,_win/
00e6c1f8,_win/
00e718ff,_win/
00e786c5.img,_win/
00e79133,_win/
00e84efe.img,_win/
00e874d5,_win/
00e87795,_win/
00e93f19,_win/
00e992b7,_win/
00e9d866,_win/
00ea14b5,_win/
00ea3f19,_win/
00ea43a7,_win/
00eac0fa,_win/
00eb1ec3,_win/
00eb3f19,_win/
00eb7ff2,_win/
00ebe19b,_win/
00ec3f19,_win/
00ecb97b,_win/
00ece892,_win/
00ecf5d3,_win/
00ecf5d4,_win/
00ecf5e3,_win/
00ecf5eb,_win/
00ecf5f3,_win/
00ecf5f4,_win/
00ecf5fb,_win/
00ecf603,_win/
00ecf604,_win/
00ecf60b,_win/
00ecf613,_win/
00ecf6fb,_win/
00ecf70b,_win/
00ecf71b,_win/
00ecf7d3,_win/
00ed0675,_win/
00ed3f19,_win/
00ee2a62,_win/
00ee3f19,_win/
00ee72ae,_win/
00ee72b2,_win/
00eec4fb,_win/
00eeef16,_win/
00ef3f19,_win/
00ef72ae,_win/
00ef72b2,_win/
00efa302,_win/
00efa8aa.img,_win/
00f03f19,_win/
00f072ae,_win/
00f072b2,_win/
00f08e96,_win/
00f0a515,_win/
00f0c0b5,_win/
00f0cdf4,_win/
00f13840,_win/
00f13f19,_win/
00f141ca,_win/
00f16ec8,_win/
00f172ae,_win/
00f172b2,_win/
00f1c0b1,_win/
00f1e626,_win/
00f25afc,_win/
00f28845,_win/
00f30f4f.img,_win/
00f3777d,_win/
00f39b44,_win/
00f40f4f.img,_win/
00f43b63,_win/
00f54e26,_win/
00f54e2a,_win/
00f54e32,_win/
00f5bdc3.img,_win/
00f5cad9,_win/
00f5d860,_win/
00f658a8,_win/
00f658a8_2910886775c958a63522f74392665f55,_win/
00f658a8_ccf2ecc57c27e55e6b678c289169d4a4,_win/
00f70816,_win/
00f7c0e9,_win/
00f841d0,_win/
00f842a1,_win/
00f98ebe,_win/
00f98f14,_win/
00f9d9e2,_win/
00fa2962.img,_win/
00fa7bc2,_win/
00fa7d0a,_win/
00fac680,_win/
00fac9f9,_win/
00fb1536,_win/
00fb1546,_win/
00fb154e,_win/
00fb71c1,_win/
00fba63b,_win/
00fbc0f9,_win/
00fc3e9f,_win/
00fc4b3a,_win/
00fc60e2,_win/
00fc64f3,_win/
00fc7aa4,_win/
00fc990c,_win/
00fcb0f2,_win/
00fcd394,_win/
00fd2f53,_win/
00fdd394,_win/
00fdf8f3,_win/
00fe44e5,_win/
00fe965a,_win/
00fef3d0,_win/
00ff5a67,_win/
00ff887f,_win/
00ff94d4,_win/
mgs3_keycon_arrow_l,_win/
mgs3_keycon_arrow_r,_win/
mgs3_keycon_list_base_00,_win/
mgs3_keycon_list_base_01,_win/
mgs3_keycon_list_base_03,_win/
mgs3_keycon_list_base_04,_win/
mgs3_keycon_list_base_05,_win/
mgs3_keycon_type_base_00,_win/
option_save_frame_cursor,_win/
options_frame_back,_win/
options_save_frame_black,_win/
options_save_icon_mute,_win/
options_save_icon_volume,_win/
options_save_volume_00,_win/
options_save_volume_01,_win/
v004a_soil01_yake_rep_mip8000.bmp,_win/
zro_def_eri.bmp,_win/
00454202,ovr_eu/_win/
00fc60e2,ovr_eu/_win/
001dcfc8,ovr_stm/_win/
002a4e9e,ovr_stm/_win/
003a52ae,ovr_stm/_win/
0053d847,ovr_stm/_win/
00971f1b,ovr_stm/_win/
00999367.img,ovr_stm/_win/
00ddd547,ovr_stm/_win/
00e786c5.img,ovr_stm/_win/
00e9d866,ovr_stm/_win/
001e4234,ovr_stm/ctrltype_kbd/_win/
002a4e9e,ovr_stm/ctrltype_kbd/_win/
00360eea,ovr_stm/ctrltype_kbd/_win/
0051fd77,ovr_stm/ctrltype_kbd/_win/
0053d847,ovr_stm/ctrltype_kbd/_win/
00999367.img,ovr_stm/ctrltype_kbd/_win/
00ca8477,ovr_stm/ctrltype_kbd/_win/
00ddd547,ovr_stm/ctrltype_kbd/_win/
00e786c5.img,ovr_stm/ctrltype_kbd/_win/
00e9d866,ovr_stm/ctrltype_kbd/_win/
bp_x_and_a_buttons,ovr_stm/ctrltype_kbd/_win/
00999367.img,ovr_stm/ctrltype_kbd/type_a/_win/
00e786c5.img,ovr_stm/ctrltype_kbd/type_a/_win/
00999367.img,ovr_stm/ctrltype_kbd/type_b/_win/
00e786c5.img,ovr_stm/ctrltype_kbd/type_b/_win/
001e4234,ovr_stm/ctrltype_nx/_win/
002a4e9e,ovr_stm/ctrltype_nx/_win/
00360eea,ovr_stm/ctrltype_nx/_win/
004a230b,ovr_stm/ctrltype_nx/_win/
0051fd77,ovr_stm/ctrltype_nx/_win/
0053d847,ovr_stm/ctrltype_nx/_win/
00999367.img,ovr_stm/ctrltype_nx/_win/
00ca8477,ovr_stm/ctrltype_nx/_win/
00ddd547,ovr_stm/ctrltype_nx/_win/
00e786c5.img,ovr_stm/ctrltype_nx/_win/
00e9d866,ovr_stm/ctrltype_nx/_win/
bp_x_and_a_buttons,ovr_stm/ctrltype_nx/_win/
001e4234,ovr_stm/ctrltype_ps4/_win/
002a4e9e,ovr_stm/ctrltype_ps4/_win/
00360eea,ovr_stm/ctrltype_ps4/_win/
004a230b,ovr_stm/ctrltype_ps4/_win/
0051fd77,ovr_stm/ctrltype_ps4/_win/
0053d847,ovr_stm/ctrltype_ps4/_win/
00999367.img,ovr_stm/ctrltype_ps4/_win/
00ca8477,ovr_stm/ctrltype_ps4/_win/
00ddd547,ovr_stm/ctrltype_ps4/_win/
00e786c5.img,ovr_stm/ctrltype_ps4/_win/
00e9d866,ovr_stm/ctrltype_ps4/_win/
bp_x_and_a_buttons,ovr_stm/ctrltype_ps4/_win/
004a230b,ovr_stm/ctrltype_ps4/ovr_jp/_win/
00ddd547,ovr_stm/ctrltype_ps4/ovr_jp/_win/
004a230b,ovr_stm/ctrltype_ps4/ovr_us/_win/
00ddd547,ovr_stm/ctrltype_ps4/ovr_us/_win/
001e4234,ovr_stm/ctrltype_ps5/_win/
002a4e9e,ovr_stm/ctrltype_ps5/_win/
00360eea,ovr_stm/ctrltype_ps5/_win/
004a230b,ovr_stm/ctrltype_ps5/_win/
0051fd77,ovr_stm/ctrltype_ps5/_win/
0053d847,ovr_stm/ctrltype_ps5/_win/
00999367.img,ovr_stm/ctrltype_ps5/_win/
00ca8477,ovr_stm/ctrltype_ps5/_win/
00ddd547,ovr_stm/ctrltype_ps5/_win/
00e786c5.img,ovr_stm/ctrltype_ps5/_win/
00e9d866,ovr_stm/ctrltype_ps5/_win/
bp_x_and_a_buttons,ovr_stm/ctrltype_ps5/_win/
004a230b,ovr_stm/ctrltype_ps5/ovr_jp/_win/
00ddd547,ovr_stm/ctrltype_ps5/ovr_jp/_win/
004a230b,ovr_stm/ctrltype_ps5/ovr_us/_win/
00ddd547,ovr_stm/ctrltype_ps5/ovr_us/_win/
001e4234,ovr_stm/ctrltype_stmd/_win/
002a4e9e,ovr_stm/ctrltype_stmd/_win/
00360eea,ovr_stm/ctrltype_stmd/_win/
0051fd77,ovr_stm/ctrltype_stmd/_win/
0053d847,ovr_stm/ctrltype_stmd/_win/
00999367.img,ovr_stm/ctrltype_stmd/_win/
00ca8477,ovr_stm/ctrltype_stmd/_win/
00ddd547,ovr_stm/ctrltype_stmd/_win/
00e786c5.img,ovr_stm/ctrltype_stmd/_win/
00e9d866,ovr_stm/ctrltype_stmd/_win/
bp_x_and_a_buttons,ovr_stm/ctrltype_stmd/_win/
001e4234,ovr_stm/ctrltype_xs/_win/
002a4e9e,ovr_stm/ctrltype_xs/_win/
00360eea,ovr_stm/ctrltype_xs/_win/
0051fd77,ovr_stm/ctrltype_xs/_win/
0053d847,ovr_stm/ctrltype_xs/_win/
00999367.img,ovr_stm/ctrltype_xs/_win/
00ca8477,ovr_stm/ctrltype_xs/_win/
00ddd547,ovr_stm/ctrltype_xs/_win/
00e786c5.img,ovr_stm/ctrltype_xs/_win/
00e9d866,ovr_stm/ctrltype_xs/_win/
bp_x_and_a_buttons,ovr_stm/ctrltype_xs/_win/
