alias,original_stage_name
sv_map-map_gg1f00,map_sv_gen-31a6d457
sv_map-map_gg1f01,map_sv_gen-65461887
sv_map-map_gg1f02,map_sv_gen-44080553
sv_map-map_gg1f03,map_sv_gen-406dd48e
sv_map-map_gg2f00,map_sv_gen-2c45fb8f
sv_map-map_gg2f02,map_sv_gen-65bac6ae
sv_map-map_gg2f03,map_sv_gen-47acbe29
sv_map-map_gg2f04,map_sv_gen-a41cf966
sv_map-map_gg3f03,map_sv_gen-cf39026a
sv_map-map_gg_b1f03,map_sv_gen-aa61ce4f
sv_map-map_s001a,map_sv_gen-c9f17727
sv_map-map_s002a,map_sv_gen-ebf37215
sv_map-map_s003a,map_sv_gen-1440ed6e
sv_map-map_s004a,map_sv_gen-1e66c973
sv_map-map_s005a,map_sv_gen-f141711d
sv_map-map_s006a1f,map_sv_gen-3f6853f1
sv_map-map_s006a2f,map_sv_gen-114d09ad
sv_map-map_s006ab1f,map_sv_gen-f7587880
sv_map-map_s007a,map_sv_gen-b97d19a1
sv_map-map_s011a,map_sv_gen-b51e6e3c
sv_map-map_s012a,map_sv_gen-5edca7e3
sv_map-map_s013a,map_sv_gen-a50b693a
sv_map-map_s014a,map_sv_gen-2b2226f3
sv_map-map_s021a,map_sv_gen-4d6f73e1
sv_map-map_s022a,map_sv_gen-d43cc5c3
sv_map-map_s023a,map_sv_gen-b401efdb
sv_map-map_s031a,map_sv_gen-e4471cc7
sv_map-map_s032a,map_sv_gen-4de7fd0a
sv_map-map_s032b,map_sv_gen-1ecf0522
sv_map-map_s033a,map_sv_gen-0d858997
sv_map-map_s041a,map_sv_gen-29cc2cda
sv_map-map_s042a,map_sv_gen-cc4e01d9
sv_map-map_s043a,map_sv_gen-2e6ae433
sv_map-map_s044a1f,map_sv_gen-872ab685
sv_map-map_s044a2f,map_sv_gen-85fbc086
sv_map-map_s044a3f,map_sv_gen-330f2bd4
sv_map-map_s045a,map_sv_gen-bb1a96b8
sv_map-map_s051a,map_sv_gen-cd92d2ce
sv_map-map_s051b,map_sv_gen-b976d4a1
sv_map-map_s052a,map_sv_gen-dd27b454
sv_map-map_s052a2f,map_sv_gen-55820fba
sv_map-map_s053a1f,map_sv_gen-c5e14247
sv_map-map_s053a2f,map_sv_gen-3daa2a17
sv_map-map_s0556a,map_sv_gen-d18864ee
sv_map-map_s061a,map_sv_gen-bc85faf2
sv_map-map_s062a1f,map_sv_gen-b3e033dd
sv_map-map_s062a2f,map_sv_gen-bfe54728
sv_map-map_s062ab1f,map_sv_gen-517147c5
sv_map-map_s063a,map_sv_gen-69e8ae1a
sv_map-map_s064a,map_sv_gen-be3e8be7
sv_map-map_s065a,map_sv_gen-e995ad40
sv_map-map_s066a,map_sv_gen-9a30236e
sv_map-map_s071a,map_sv_gen-8a9b139f
sv_map-map_s072a,map_sv_gen-8a868206
sv_map-map_s073a,map_sv_gen-4f85d0dc
sv_map-map_s074a,map_sv_gen-53cb9036
sv_map-map_s075a,map_sv_gen-cb7c3ee2
sv_map-map_s081a,map_sv_gen-2a39d462
sv_map-map_s091a,map_sv_gen-65760644
sv_map-map_s092a,map_sv_gen-540ad23b
sv_map-map_s093a,map_sv_gen-dca04802
sv_map-map_s094a,map_sv_gen-6d560dfe
sv_map-map_s101a,map_sv_gen-df76ddff
sv_map-map_s111a,map_sv_gen-77f7d5e9
sv_map-map_s112a,map_sv_gen-73eaa95d
sv_map-map_s113a,map_sv_gen-d2fa5f89
sv_map-map_s121a,map_sv_gen-76a9926b
sv_map-map_s122a,map_sv_gen-3c12bdc8
sv_map-map_s141a,map_sv_gen-33f27da4
sv_map-map_s151a,map_sv_gen-1959c0d5
sv_map-map_s152a,map_sv_gen-4afe46b9
sv_map-map_s161a,map_sv_gen-5c4e0cd5
sv_map-map_s162a,map_sv_gen-19e319a0
sv_map-map_s163a,map_sv_gen-cae5d932
sv_map-map_s171a,map_sv_gen-188e2def
sv_map-map_s181a,map_sv_gen-1a77f668
sv_map-map_s191a,map_sv_gen-cb93f49f
sv_map-map_s192a,map_sv_gen-7a4d0bdb
sv_map-map_s201a,map_sv_gen-b372dd52
sv_map-map_s211a,map_sv_gen-f016a25e